patient,model,n_roi_channels,n_events,n_face,n_house,accuracy,macro_f1,roc_auc,permutation_true_accuracy,permutation_p_value,n_permutations,elapsed_sec
aa,LDA,28,300,150,150,0.758288770053476,0.754988410022032,0.8395023842104947,0.758288770053476,0.004975124378109453,200,3.241011142730713
aa,Linear_SVM,28,300,150,150,0.7126559714795009,0.7104074740863436,0.7815488515577643,0.7126559714795009,0.004975124378109453,200,4.622974157333374
aa,RandomForest,28,300,150,150,0.7577540106951871,0.7568553592819139,0.8454623196462545,0.7577540106951871,0.004975124378109453,200,24.868919849395752
ap,LDA,28,300,150,150,0.8342162554426708,0.8329762305027311,0.9080610816199052,0.8342162554426708,0.004975124378109453,200,1.260800838470459
ap,Linear_SVM,28,300,150,150,0.7787853773584905,0.7780084078935412,0.8417407684907685,0.7787853773584905,0.004975124378109453,200,4.401862859725952
ap,RandomForest,28,300,150,150,0.8682265965166909,0.8676121548668856,0.9325895637586813,0.8682265965166909,0.004975124378109453,200,24.53402304649353
ca,LDA,23,300,150,150,0.937134238310709,0.9369778203566899,0.982370851215275,0.937134238310709,0.004975124378109453,200,1.1273391246795654
ca,Linear_SVM,23,300,150,150,0.8771122994652407,0.8770382475457101,0.9542439898380038,0.8771122994652407,0.004975124378109453,200,6.523335933685303
ca,RandomForest,23,300,150,150,0.9554847113670644,0.955436499794023,0.9913321202218259,0.9554847113670644,0.004975124378109453,200,23.889436721801758
de,LDA,20,300,150,150,0.8971479500891265,0.8965006525714905,0.9594236895094739,0.8971479500891265,0.004975124378109453,200,1.050271987915039
de,Linear_SVM,20,300,150,150,0.8650623885918003,0.8647245268473274,0.9337996723023462,0.8650623885918003,0.004975124378109453,200,6.588520288467407
de,RandomForest,20,300,150,150,0.9158645276292334,0.9157013125915121,0.9706351055114425,0.9158645276292334,0.004975124378109453,200,22.945540189743042
fp,LDA,7,300,150,150,0.6146167557932264,0.611557235298252,0.6571018788599003,0.6146167557932264,0.004975124378109453,200,0.7550091743469238
fp,Linear_SVM,7,300,150,150,0.6632798573975045,0.6604784529438472,0.6814662331874899,0.6632798573975045,0.004975124378109453,200,2.056704044342041
fp,RandomForest,7,300,150,150,0.6058823529411764,0.6030743765586103,0.6368532697743927,0.6058823529411764,0.004975124378109453,200,20.039917945861816
ha,LDA,19,300,150,150,0.9633842734092803,0.9632110180287127,0.9973138281474137,0.9633842734092803,0.004975124378109453,200,1.0984771251678467
ha,Linear_SVM,19,300,150,150,0.9399944429008057,0.9396210445977337,0.9828430026605492,0.9399944429008057,0.004975124378109453,200,4.821304082870483
ha,RandomForest,19,300,150,150,0.973274983791794,0.9731639870539386,0.9967467159277504,0.973274983791794,0.004975124378109453,200,22.88692307472229
ja,LDA,32,300,150,150,0.9262032085561497,0.9257454764109617,0.9916433909805124,0.9262032085561497,0.004975124378109453,200,1.4119129180908203
ja,Linear_SVM,32,300,150,150,0.9331550802139038,0.9327597971994621,0.9894315443502164,0.9331550802139038,0.004975124378109453,200,4.716325759887695
ja,RandomForest,32,300,150,150,0.9900178253119429,0.9900048154191243,1.0,0.9900178253119429,0.004975124378109453,200,24.458553791046143
jm,LDA,12,300,150,150,0.8017825311942959,0.8009973277761709,0.859289924647545,0.8017825311942959,0.004975124378109453,200,0.8125109672546387
jm,Linear_SVM,12,300,150,150,0.775222816399287,0.77414561085998,0.8258214572942736,0.775222816399287,0.004975124378109453,200,3.0460269451141357
jm,RandomForest,12,300,150,150,0.8450980392156863,0.8447826780050915,0.917593080237911,0.8450980392156863,0.004975124378109453,200,20.628782272338867
jt,LDA,34,300,150,150,0.9180035650623888,0.9176474755894259,0.9719374748675105,0.9180035650623888,0.004975124378109453,200,1.4737770557403564
jt,Linear_SVM,34,300,150,150,0.9014260249554367,0.9012384325615361,0.9580511930055156,0.9014260249554367,0.004975124378109453,200,3.538115978240967
jt,RandomForest,34,300,150,150,0.9379679144385028,0.9377953244812272,0.977628276976539,0.9379679144385028,0.004975124378109453,200,25.101884841918945
mv,LDA,13,300,150,150,0.9648841354723707,0.9644458322306338,0.9855474118787398,0.9648841354723707,0.004975124378109453,200,0.8065578937530518
mv,Linear_SVM,13,300,150,150,0.9240641711229948,0.923582046301153,0.9637420326257224,0.9240641711229948,0.004975124378109453,200,3.1381747722625732
mv,RandomForest,13,300,150,150,0.9748663101604278,0.9747545777141419,0.9812621536217794,0.9748663101604278,0.004975124378109453,200,21.122190237045288
rn,LDA,33,300,150,150,0.7672014260249553,0.7659372333870046,0.8613951645090238,0.7672014260249553,0.004975124378109453,200,1.438373327255249
rn,Linear_SVM,33,300,150,150,0.7233511586452763,0.7222443241947432,0.797963143016619,0.7233511586452763,0.004975124378109453,200,4.1893088817596436
rn,RandomForest,33,300,150,150,0.7983957219251336,0.7974350801188047,0.8597077897963594,0.7983957219251336,0.004975124378109453,200,24.37737798690796
rr,LDA,32,200,100,100,0.7070210409745294,0.6877178884547852,0.8327774387659972,0.7070210409745294,0.004975124378109453,200,1.2941012382507324
rr,Linear_SVM,32,200,100,100,0.712624584717608,0.69414523448459,0.8144142723959658,0.712624584717608,0.004975124378109453,200,1.5575668811798096
rr,RandomForest,32,200,100,100,0.7587375415282392,0.7556199518638543,0.8603426137808288,0.7587375415282392,0.004975124378109453,200,19.74139165878296
wc,LDA,18,300,150,150,0.8971479500891265,0.8968087980410419,0.9685487150170751,0.8971479500891265,0.004975124378109453,200,0.9542090892791748
wc,Linear_SVM,18,300,150,150,0.8294117647058824,0.8286642446139355,0.9109764647364915,0.8294117647058824,0.004975124378109453,200,4.921205997467041
wc,RandomForest,18,300,150,150,0.8937611408199644,0.893718076778731,0.9669657714248846,0.8937611408199644,0.004975124378109453,200,22.038933992385864
zt,LDA,21,300,150,150,0.9939393939393939,0.9939380022962112,1.0,0.9939393939393939,0.004975124378109453,200,1.023169755935669
zt,Linear_SVM,21,300,150,150,0.9900178253119429,0.9899921609035612,0.9961397058823529,0.9900178253119429,0.004975124378109453,200,4.023390054702759
zt,RandomForest,21,300,150,150,0.9939393939393939,0.9939380022962112,1.0,0.9939393939393939,0.004975124378109453,200,22.391185998916626
